dia_semana=terça-feira;br=101.0;km=121.3;municipio=SOORETAMA;causa_acidente=Condutor Dormindo;tipo_acidente=Colisão lateral;classificacao_acidente=Com Vítimas Feridas;fase_dia=Pleno dia;sentido_via=Crescente;condicao_metereologica=Céu Claro;tipo_pista=Simples;tracado_via=Reta;uso_solo=Não;pessoas=2;mortos=0;feridos_leves=0;feridos_graves=1;ilesos=1;ignorados=0;feridos=1;veiculos=2
dia_semana=sábado;br=101.0;km=287.8;municipio=CARIACICA;causa_acidente=Falta de Atenção à Condução;tipo_acidente=Colisão lateral;classificacao_acidente=Com Vítimas Feridas;fase_dia=Pleno dia;sentido_via=Crescente;condicao_metereologica=Céu Claro;tipo_pista=Dupla;tracado_via=Curva;uso_solo=Sim;pessoas=4;mortos=0;feridos_leves=2;feridos_graves=0;ilesos=2;ignorados=0;feridos=2;veiculos=2
dia_semana=sábado;br=101.0;km=367.0;municipio=ANCHIETA;causa_acidente=Condutor Dormindo;tipo_acidente=Saída de leito carroçável;classificacao_acidente=Com Vítimas Feridas;fase_dia=Amanhecer;sentido_via=Crescente;condicao_metereologica=Nublado;tipo_pista=Simples;tracado_via=Reta;uso_solo=Não;pessoas=1;mortos=0;feridos_leves=1;feridos_graves=0;ilesos=0;ignorados=0;feridos=1;veiculos=1
dia_semana=sábado;br=101.0;km=100.2;municipio=JAGUARE;causa_acidente=Ingestão de Álcool;tipo_acidente=Colisão com objeto estático;classificacao_acidente=Sem Vítimas;fase_dia=Pleno dia;sentido_via=Crescente;condicao_metereologica=Céu Claro;tipo_pista=Simples;tracado_via=Interseção de vias;uso_solo=Sim;pessoas=1;mortos=0;feridos_leves=0;feridos_graves=0;ilesos=1;ignorados=0;feridos=0;veiculos=1
dia_semana=domingo;br=259.0;km=76.0;municipio=COLATINA;causa_acidente=Falta de Atenção à Condução;tipo_acidente=Saída de leito carroçável;classificacao_acidente=Com Vítimas Feridas;fase_dia=Plena Noite;sentido_via=Crescente;condicao_metereologica=Nublado;tipo_pista=Simples;tracado_via=Reta;uso_solo=Sim;pessoas=1;mortos=0;feridos_leves=1;feridos_graves=0;ilesos=0;ignorados=0;feridos=1;veiculos=1
dia_semana=domingo;br=262.0;km=116.5;municipio=CONCEICAO DO CASTELO;causa_acidente=Falta de Atenção à Condução;tipo_acidente=Tombamento;classificacao_acidente=Com Vítimas Feridas;fase_dia=Plena Noite;sentido_via=Decrescente;condicao_metereologica=Céu Claro;tipo_pista=Simples;tracado_via=Curva;uso_solo=Não;pessoas=1;mortos=0;feridos_leves=0;feridos_graves=1;ilesos=0;ignorados=0;feridos=1;veiculos=1
dia_semana=domingo;br=393.0;km=25.9;municipio=MUQUI;causa_acidente=Desobediência às normas de trânsito pelo condutor;tipo_acidente=Colisão lateral;classificacao_acidente=Com Vítimas Feridas;fase_dia=Pleno dia;sentido_via=Decrescente;condicao_metereologica=Céu Claro;tipo_pista=Simples;tracado_via=Reta;uso_solo=Sim;pessoas=2;mortos=0;feridos_leves=1;feridos_graves=0;ilesos=1;ignorados=0;feridos=1;veiculos=2
dia_semana=domingo;br=101.0;km=264.5;municipio=SERRA;causa_acidente=Falta de Atenção do Pedestre;tipo_acidente=Atropelamento de Pedestre;classificacao_acidente=Com Vítimas Feridas;fase_dia=Plena Noite;sentido_via=Crescente;condicao_metereologica=Céu Claro;tipo_pista=Dupla;tracado_via=Reta;uso_solo=Sim;pessoas=2;mortos=0;feridos_leves=0;feridos_graves=1;ilesos=1;ignorados=0;feridos=1;veiculos=1
dia_semana=domingo;br=101.0;km=65.0;municipio=SAO MATEUS;causa_acidente=Desobediência às normas de trânsito pelo condutor;tipo_acidente=Colisão traseira;classificacao_acidente=Com Vítimas Feridas;fase_dia=Plena Noite;sentido_via=Crescente;condicao_metereologica=Céu Claro;tipo_pista=Dupla;tracado_via=Reta;uso_solo=Sim;pessoas=2;mortos=0;feridos_leves=1;feridos_graves=0;ilesos=1;ignorados=0;feridos=1;veiculos=2
dia_semana=domingo;br=101.0;km=255.3;municipio=SERRA;causa_acidente=Falta de Atenção à Condução;tipo_acidente=Colisão traseira;classificacao_acidente=Com Vítimas Feridas;fase_dia=Pleno dia;sentido_via=Crescente;condicao_metereologica=Sol;tipo_pista=Simples;tracado_via=Reta;uso_solo=Sim;pessoas=3;mortos=0;feridos_leves=1;feridos_graves=0;ilesos=2;ignorados=0;feridos=1;veiculos=2
dia_semana=domingo;br=101.0;km=2.0;municipio=SERRA;causa_acidente=Defeito Mecânico no Veículo;tipo_acidente=Queda de ocupante de veículo;classificacao_acidente=Com Vítimas Feridas;fase_dia=Pleno dia;sentido_via=Decrescente;condicao_metereologica=Sol;tipo_pista=Dupla;tracado_via=Reta;uso_solo=Sim;pessoas=2;mortos=0;feridos_leves=2;feridos_graves=0;ilesos=0;ignorados=0;feridos=2;veiculos=1
dia_semana=domingo;br=262.0;km=19.0;municipio=VIANA;causa_acidente=Desobediência às normas de trânsito pelo condutor;tipo_acidente=Colisão transversal;classificacao_acidente=Com Vítimas Feridas;fase_dia=Anoitecer;sentido_via=Decrescente;condicao_metereologica=Céu Claro;tipo_pista=Simples;tracado_via=Reta;uso_solo=Sim;pessoas=3;mortos=0;feridos_leves=0;feridos_graves=1;ilesos=1;ignorados=1;feridos=1;veiculos=2
dia_semana=domingo;br=101.0;km=298.5;municipio=VIANA;causa_acidente=Desobediência às normas de trânsito pelo condutor;tipo_acidente=Colisão lateral;classificacao_acidente=Com Vítimas Feridas;fase_dia=Pleno dia;sentido_via=Decrescente;condicao_metereologica=Céu Claro;tipo_pista=Dupla;tracado_via=Reta;uso_solo=Sim;pessoas=2;mortos=0;feridos_leves=0;feridos_graves=1;ilesos=1;ignorados=0;feridos=1;veiculos=2
dia_semana=domingo;br=262.0;km=150.0;municipio=IBATIBA;causa_acidente=Falta de Atenção à Condução;tipo_acidente=Colisão frontal;classificacao_acidente=Com Vítimas Feridas;fase_dia=Pleno dia;sentido_via=Crescente;condicao_metereologica=Céu Claro;tipo_pista=Simples;tracado_via=Curva;uso_solo=Não;pessoas=2;mortos=0;feridos_leves=0;feridos_graves=1;ilesos=1;ignorados=0;feridos=1;veiculos=2
dia_semana=domingo;br=101.0;km=262.0;municipio=SERRA;causa_acidente=Falta de Atenção à Condução;tipo_acidente=Queda de ocupante de veículo;classificacao_acidente=Com Vítimas Feridas;fase_dia=Pleno dia;sentido_via=Crescente;condicao_metereologica=Sol;tipo_pista=Múltipla;tracado_via=Reta;uso_solo=Sim;pessoas=1;mortos=0;feridos_leves=1;feridos_graves=0;ilesos=0;ignorados=0;feridos=1;veiculos=1
dia_semana=domingo;br=262.0;km=0.8;municipio=CARIACICA;causa_acidente=Não guardar distância de segurança;tipo_acidente=Colisão traseira;classificacao_acidente=Com Vítimas Feridas;fase_dia=Pleno dia;sentido_via=Crescente;condicao_metereologica=Céu Claro;tipo_pista=Dupla;tracado_via=Ponte;uso_solo=Sim;pessoas=2;mortos=0;feridos_leves=1;feridos_graves=0;ilesos=1;ignorados=0;feridos=1;veiculos=2
dia_semana=domingo;br=262.0;km=69.5;municipio=MARECHAL FLORIANO;causa_acidente=Falta de Atenção à Condução;tipo_acidente=Tombamento;classificacao_acidente=Com Vítimas Feridas;fase_dia=Pleno dia;sentido_via=Decrescente;condicao_metereologica=Sol;tipo_pista=Simples;tracado_via=Curva;uso_solo=Não;pessoas=1;mortos=0;feridos_leves=0;feridos_graves=1;ilesos=0;ignorados=0;feridos=1;veiculos=1
dia_semana=segunda-feira;br=259.0;km=102.5;municipio=BAIXO GUANDU;causa_acidente=Desobediência às normas de trânsito pelo condutor;tipo_acidente=Colisão com objeto estático;classificacao_acidente=Com Vítimas Feridas;fase_dia=Plena Noite;sentido_via=Crescente;condicao_metereologica=Céu Claro;tipo_pista=Simples;tracado_via=Reta;uso_solo=Não;pessoas=2;mortos=0;feridos_leves=1;feridos_graves=1;ilesos=0;ignorados=0;feridos=2;veiculos=1
dia_semana=segunda-feira;br=101.0;km=146.0;municipio=LINHARES;causa_acidente=Falta de Atenção à Condução;tipo_acidente=Colisão traseira;classificacao_acidente=Com Vítimas Feridas;fase_dia=Pleno dia;sentido_via=Decrescente;condicao_metereologica=Nublado;tipo_pista=Dupla;tracado_via=Reta;uso_solo=Não;pessoas=2;mortos=0;feridos_leves=1;feridos_graves=0;ilesos=1;ignorados=0;feridos=1;veiculos=2
dia_semana=segunda-feira;br=101.0;km=433.3;municipio=ATILIO VIVACQUA;causa_acidente=Restrição de Visibilidade;tipo_acidente=Atropelamento de Pedestre;classificacao_acidente=Com Vítimas Fatais;fase_dia=Plena Noite;sentido_via=Decrescente;condicao_metereologica=Nublado;tipo_pista=Simples;tracado_via=Reta;uso_solo=Não;pessoas=2;mortos=1;feridos_leves=0;feridos_graves=0;ilesos=0;ignorados=1;feridos=0;veiculos=1
dia_semana=segunda-feira;br=262.0;km=1.8;municipio=CARIACICA;causa_acidente=Desobediência às normas de trânsito pelo condutor;tipo_acidente=Atropelamento de Pedestre;classificacao_acidente=Com Vítimas Feridas;fase_dia=Pleno dia;sentido_via=Decrescente;condicao_metereologica=Céu Claro;tipo_pista=Dupla;tracado_via=Curva;uso_solo=Sim;pessoas=2;mortos=0;feridos_leves=0;feridos_graves=1;ilesos=1;ignorados=0;feridos=1;veiculos=1
dia_semana=segunda-feira;br=101.0;km=66.7;municipio=SAO MATEUS;causa_acidente=Falta de Atenção à Condução;tipo_acidente=Colisão lateral;classificacao_acidente=Com Vítimas Feridas;fase_dia=Plena Noite;sentido_via=Decrescente;condicao_metereologica=Céu Claro;tipo_pista=Simples;tracado_via=Reta;uso_solo=Sim;pessoas=3;mortos=0;feridos_leves=0;feridos_graves=1;ilesos=1;ignorados=1;feridos=1;veiculos=2
dia_semana=terça-feira;br=101.0;km=267.0;municipio=SERRA;causa_acidente=Falta de Atenção do Pedestre;tipo_acidente=Atropelamento de Pedestre;classificacao_acidente=Com Vítimas Feridas;fase_dia=Pleno dia;sentido_via=Crescente;condicao_metereologica=Céu Claro;tipo_pista=Múltipla;tracado_via=Reta;uso_solo=Sim;pessoas=2;mortos=0;feridos_leves=0;feridos_graves=1;ilesos=1;ignorados=0;feridos=1;veiculos=1
dia_semana=terça-feira;br=101.0;km=269.0;municipio=SERRA;causa_acidente=Desobediência às normas de trânsito pelo condutor;tipo_acidente=Colisão lateral;classificacao_acidente=Com Vítimas Feridas;fase_dia=Pleno dia;sentido_via=Crescente;condicao_metereologica=Céu Claro;tipo_pista=Dupla;tracado_via=Reta;uso_solo=Sim;pessoas=2;mortos=0;feridos_leves=1;feridos_graves=0;ilesos=1;ignorados=0;feridos=1;veiculos=2
dia_semana=terça-feira;br=101.0;km=297.5;municipio=CARIACICA;causa_acidente=Falta de Atenção à Condução;tipo_acidente=Colisão lateral;classificacao_acidente=Com Vítimas Feridas;fase_dia=Pleno dia;sentido_via=Decrescente;condicao_metereologica=Céu Claro;tipo_pista=Dupla;tracado_via=Reta;uso_solo=Sim;pessoas=2;mortos=0;feridos_leves=1;feridos_graves=0;ilesos=1;ignorados=0;feridos=1;veiculos=2
dia_semana=terça-feira;br=101.0;km=301.5;municipio=VIANA;causa_acidente=Desobediência às normas de trânsito pelo condutor;tipo_acidente=Colisão transversal;classificacao_acidente=Com Vítimas Feridas;fase_dia=Pleno dia;sentido_via=Decrescente;condicao_metereologica=Céu Claro;tipo_pista=Dupla;tracado_via=Reta;uso_solo=Sim;pessoas=3;mortos=0;feridos_leves=1;feridos_graves=0;ilesos=2;ignorados=0;feridos=1;veiculos=2
dia_semana=terça-feira;br=101.0;km=289.0;municipio=CARIACICA;causa_acidente=Falta de Atenção à Condução;tipo_acidente=Colisão lateral;classificacao_acidente=Com Vítimas Feridas;fase_dia=Pleno dia;sentido_via=Crescente;condicao_metereologica=Céu Claro;tipo_pista=Dupla;tracado_via=Reta;uso_solo=Sim;pessoas=2;mortos=0;feridos_leves=1;feridos_graves=0;ilesos=1;ignorados=0;feridos=1;veiculos=2
dia_semana=terça-feira;br=101.0;km=291.1;municipio=CARIACICA;causa_acidente=Desobediência às normas de trânsito pelo condutor;tipo_acidente=Colisão lateral;classificacao_acidente=Com Vítimas Feridas;fase_dia=Anoitecer;sentido_via=Crescente;condicao_metereologica=Céu Claro;tipo_pista=Dupla;tracado_via=Reta;uso_solo=Sim;pessoas=2;mortos=0;feridos_leves=1;feridos_graves=0;ilesos=1;ignorados=0;feridos=1;veiculos=2
dia_semana=terça-feira;br=101.0;km=298.0;municipio=VIANA;causa_acidente=Desobediência às normas de trânsito pelo condutor;tipo_acidente=Colisão lateral;classificacao_acidente=Com Vítimas Feridas;fase_dia=Plena Noite;sentido_via=Decrescente;condicao_metereologica=Céu Claro;tipo_pista=Dupla;tracado_via=Reta;uso_solo=Sim;pessoas=2;mortos=0;feridos_leves=0;feridos_graves=1;ilesos=1;ignorados=0;feridos=1;veiculos=2
dia_semana=terça-feira;br=101.0;km=146.0;municipio=LINHARES;causa_acidente=Falta de Atenção à Condução;tipo_acidente=Colisão transversal;classificacao_acidente=Sem Vítimas;fase_dia=Plena Noite;sentido_via=Decrescente;condicao_metereologica=Céu Claro;tipo_pista=Dupla;tracado_via=Interseção de vias;uso_solo=Sim;pessoas=2;mortos=0;feridos_leves=0;feridos_graves=0;ilesos=2;ignorados=0;feridos=0;veiculos=2
dia_semana=terça-feira;br=101.0;km=66.4;municipio=SAO MATEUS;causa_acidente=Animais na Pista;tipo_acidente=Atropelamento de Animal;classificacao_acidente=Com Vítimas Feridas;fase_dia=Anoitecer;sentido_via=Crescente;condicao_metereologica=Nublado;tipo_pista=Simples;tracado_via=Reta;uso_solo=Não;pessoas=2;mortos=0;feridos_leves=1;feridos_graves=1;ilesos=0;ignorados=0;feridos=2;veiculos=1
dia_semana=quarta-feira;br=101.0;km=246.0;municipio=SERRA;causa_acidente=Falta de Atenção à Condução;tipo_acidente=Capotamento;classificacao_acidente=Com Vítimas Feridas;fase_dia=Plena Noite;sentido_via=Crescente;condicao_metereologica=Nublado;tipo_pista=Dupla;tracado_via=Reta;uso_solo=Não;pessoas=2;mortos=0;feridos_leves=1;feridos_graves=0;ilesos=1;ignorados=0;feridos=1;veiculos=2
dia_semana=quarta-feira;br=101.0;km=316.0;municipio=VILA VELHA;causa_acidente=Falta de Atenção à Condução;tipo_acidente=Colisão transversal;classificacao_acidente=Com Vítimas Feridas;fase_dia=Pleno dia;sentido_via=Crescente;condicao_metereologica=Sol;tipo_pista=Simples;tracado_via=Reta;uso_solo=Não;pessoas=3;mortos=0;feridos_leves=1;feridos_graves=0;ilesos=2;ignorados=0;feridos=1;veiculos=2
dia_semana=quarta-feira;br=262.0;km=1.8;municipio=CARIACICA;causa_acidente=Não guardar distância de segurança;tipo_acidente=Colisão traseira;classificacao_acidente=Com Vítimas Feridas;fase_dia=Plena Noite;sentido_via=Decrescente;condicao_metereologica=Ignorado;tipo_pista=Dupla;tracado_via=Reta;uso_solo=Sim;pessoas=2;mortos=0;feridos_leves=0;feridos_graves=1;ilesos=1;ignorados=0;feridos=1;veiculos=2
dia_semana=quarta-feira;br=101.0;km=307.6;municipio=VIANA;causa_acidente=Objeto estático sobre o leito carroçável;tipo_acidente=Tombamento;classificacao_acidente=Com Vítimas Feridas;fase_dia=Pleno dia;sentido_via=Crescente;condicao_metereologica=Nublado;tipo_pista=Simples;tracado_via=Reta;uso_solo=Não;pessoas=1;mortos=0;feridos_leves=1;feridos_graves=0;ilesos=0;ignorados=0;feridos=1;veiculos=1
dia_semana=quarta-feira;br=101.0;km=255.4;municipio=SERRA;causa_acidente=Falta de Atenção à Condução;tipo_acidente=Atropelamento de Pedestre;classificacao_acidente=Com Vítimas Feridas;fase_dia=Plena Noite;sentido_via=Decrescente;condicao_metereologica=Nublado;tipo_pista=Simples;tracado_via=Reta;uso_solo=Sim;pessoas=2;mortos=0;feridos_leves=0;feridos_graves=1;ilesos=1;ignorados=0;feridos=1;veiculos=1
dia_semana=quinta-feira;br=101.0;km=270.8;municipio=SERRA;causa_acidente=Falta de Atenção à Condução;tipo_acidente=Colisão transversal;classificacao_acidente=Com Vítimas Feridas;fase_dia=Anoitecer;sentido_via=Crescente;condicao_metereologica=Céu Claro;tipo_pista=Dupla;tracado_via=Curva;uso_solo=Sim;pessoas=2;mortos=0;feridos_leves=1;feridos_graves=0;ilesos=1;ignorados=0;feridos=1;veiculos=2
dia_semana=quinta-feira;br=262.0;km=6.9;municipio=CARIACICA;causa_acidente=Falta de Atenção à Condução;tipo_acidente=Colisão lateral;classificacao_acidente=Com Vítimas Feridas;fase_dia=Pleno dia;sentido_via=Crescente;condicao_metereologica=Chuva;tipo_pista=Dupla;tracado_via=Não Informado;uso_solo=Sim;pessoas=2;mortos=0;feridos_leves=0;feridos_graves=1;ilesos=1;ignorados=0;feridos=1;veiculos=2
dia_semana=quinta-feira;br=262.0;km=47.3;municipio=MARECHAL FLORIANO;causa_acidente=Velocidade Incompatível;tipo_acidente=Colisão com objeto estático;classificacao_acidente=Com Vítimas Feridas;fase_dia=Pleno dia;sentido_via=Crescente;condicao_metereologica=Chuva;tipo_pista=Simples;tracado_via=Curva;uso_solo=Sim;pessoas=2;mortos=0;feridos_leves=2;feridos_graves=0;ilesos=0;ignorados=0;feridos=2;veiculos=1
dia_semana=quinta-feira;br=101.0;km=414.4;municipio=ITAPEMIRIM;causa_acidente=Falta de Atenção à Condução;tipo_acidente=Colisão lateral;classificacao_acidente=Com Vítimas Feridas;fase_dia=Pleno dia;sentido_via=Decrescente;condicao_metereologica=Chuva;tipo_pista=Simples;tracado_via=Curva;uso_solo=Não;pessoas=3;mortos=0;feridos_leves=1;feridos_graves=1;ilesos=1;ignorados=0;feridos=2;veiculos=2
dia_semana=quinta-feira;br=101.0;km=142.0;municipio=LINHARES;causa_acidente=Falta de Atenção à Condução;tipo_acidente=Colisão traseira;classificacao_acidente=Com Vítimas Feridas;fase_dia=Pleno dia;sentido_via=Crescente;condicao_metereologica=Garoa/Chuvisco;tipo_pista=Dupla;tracado_via=Interseção de vias;uso_solo=Sim;pessoas=2;mortos=0;feridos_leves=1;feridos_graves=0;ilesos=1;ignorados=0;feridos=1;veiculos=2
dia_semana=quinta-feira;br=101.0;km=296.4;municipio=CARIACICA;causa_acidente=Defeito Mecânico no Veículo;tipo_acidente=Tombamento;classificacao_acidente=Com Vítimas Feridas;fase_dia=Plena Noite;sentido_via=Crescente;condicao_metereologica=Chuva;tipo_pista=Dupla;tracado_via=Viaduto;uso_solo=Sim;pessoas=1;mortos=0;feridos_leves=1;feridos_graves=0;ilesos=0;ignorados=0;feridos=1;veiculos=1
dia_semana=quinta-feira;br=101.0;km=73.0;municipio=SAO MATEUS;causa_acidente=Animais na Pista;tipo_acidente=Tombamento;classificacao_acidente=Com Vítimas Feridas;fase_dia=Pleno dia;sentido_via=Crescente;condicao_metereologica=Sol;tipo_pista=Simples;tracado_via=Reta;uso_solo=Não;pessoas=2;mortos=0;feridos_leves=2;feridos_graves=0;ilesos=0;ignorados=0;feridos=2;veiculos=1
dia_semana=sexta-feira;br=101.0;km=146.9;municipio=LINHARES;causa_acidente=Falta de Atenção à Condução;tipo_acidente=Colisão lateral;classificacao_acidente=Com Vítimas Feridas;fase_dia=Pleno dia;sentido_via=Decrescente;condicao_metereologica=Nublado;tipo_pista=Múltipla;tracado_via=Reta;uso_solo=Sim;pessoas=2;mortos=0;feridos_leves=1;feridos_graves=0;ilesos=1;ignorados=0;feridos=1;veiculos=2
dia_semana=sexta-feira;br=101.0;km=132.0;municipio=LINHARES;causa_acidente=Desobediência às normas de trânsito pelo condutor;tipo_acidente=Colisão transversal;classificacao_acidente=Com Vítimas Fatais;fase_dia=Pleno dia;sentido_via=Crescente;condicao_metereologica=Nublado;tipo_pista=Simples;tracado_via=Reta;uso_solo=Não;pessoas=5;mortos=1;feridos_leves=1;feridos_graves=0;ilesos=3;ignorados=0;feridos=1;veiculos=2
dia_semana=sexta-feira;br=101.0;km=267.8;municipio=SERRA;causa_acidente=Falta de Atenção à Condução;tipo_acidente=Colisão transversal;classificacao_acidente=Com Vítimas Feridas;fase_dia=Plena Noite;sentido_via=Decrescente;condicao_metereologica=Chuva;tipo_pista=Dupla;tracado_via=Interseção de vias;uso_solo=Sim;pessoas=3;mortos=0;feridos_leves=1;feridos_graves=0;ilesos=2;ignorados=0;feridos=1;veiculos=2
dia_semana=sexta-feira;br=101.0;km=162.9;municipio=LINHARES;causa_acidente=Velocidade Incompatível;tipo_acidente=Saída de leito carroçável;classificacao_acidente=Com Vítimas Feridas;fase_dia=Pleno dia;sentido_via=Decrescente;condicao_metereologica=Chuva;tipo_pista=Simples;tracado_via=Reta;uso_solo=Não;pessoas=1;mortos=0;feridos_leves=0;feridos_graves=1;ilesos=0;ignorados=0;feridos=1;veiculos=1
dia_semana=sexta-feira;br=101.0;km=147.0;municipio=LINHARES;causa_acidente=Desobediência às normas de trânsito pelo condutor;tipo_acidente=Atropelamento de Pedestre;classificacao_acidente=Com Vítimas Feridas;fase_dia=Plena Noite;sentido_via=Crescente;condicao_metereologica=Chuva;tipo_pista=Simples;tracado_via=Reta;uso_solo=Sim;pessoas=2;mortos=0;feridos_leves=1;feridos_graves=0;ilesos=1;ignorados=0;feridos=1;veiculos=1
dia_semana=sexta-feira;br=101.0;km=212.0;municipio=IBIRACU;causa_acidente=Ingestão de Álcool;tipo_acidente=Colisão com objeto estático;classificacao_acidente=Com Vítimas Feridas;fase_dia=Plena Noite;sentido_via=Crescente;condicao_metereologica=Chuva;tipo_pista=Simples;tracado_via=Curva;uso_solo=Sim;pessoas=2;mortos=0;feridos_leves=2;feridos_graves=0;ilesos=0;ignorados=0;feridos=2;veiculos=1
dia_semana=sábado;br=101.0;km=1.7;municipio=VITORIA;causa_acidente=Pista Escorregadia;tipo_acidente=Colisão lateral;classificacao_acidente=Sem Vítimas;fase_dia=Plena Noite;sentido_via=Crescente;condicao_metereologica=Chuva;tipo_pista=Dupla;tracado_via=Reta;uso_solo=Sim;pessoas=2;mortos=0;feridos_leves=0;feridos_graves=0;ilesos=2;ignorados=0;feridos=0;veiculos=2
dia_semana=sábado;br=101.0;km=269.0;municipio=SERRA;causa_acidente=Falta de Atenção à Condução;tipo_acidente=Colisão traseira;classificacao_acidente=Com Vítimas Feridas;fase_dia=Plena Noite;sentido_via=Crescente;condicao_metereologica=Nublado;tipo_pista=Múltipla;tracado_via=Reta;uso_solo=Sim;pessoas=3;mortos=0;feridos_leves=0;feridos_graves=1;ilesos=1;ignorados=1;feridos=1;veiculos=3
dia_semana=sábado;br=262.0;km=110.0;municipio=VENDA NOVA DO IMIGRANTE;causa_acidente=Ingestão de Álcool;tipo_acidente=Tombamento;classificacao_acidente=Com Vítimas Feridas;fase_dia=Plena Noite;sentido_via=Crescente;condicao_metereologica=Nublado;tipo_pista=Simples;tracado_via=Reta;uso_solo=Não;pessoas=1;mortos=0;feridos_leves=1;feridos_graves=0;ilesos=0;ignorados=0;feridos=1;veiculos=1
dia_semana=sábado;br=101.0;km=260.9;municipio=SERRA;causa_acidente=Pista Escorregadia;tipo_acidente=Colisão traseira;classificacao_acidente=Sem Vítimas;fase_dia=Amanhecer;sentido_via=Decrescente;condicao_metereologica=Chuva;tipo_pista=Dupla;tracado_via=Desvio Temporário;uso_solo=Sim;pessoas=2;mortos=0;feridos_leves=0;feridos_graves=0;ilesos=2;ignorados=0;feridos=0;veiculos=2
dia_semana=sábado;br=101.0;km=261.6;municipio=SERRA;causa_acidente=Avarias e/ou desgaste excessivo no pneu;tipo_acidente=Tombamento;classificacao_acidente=Com Vítimas Feridas;fase_dia=Pleno dia;sentido_via=Crescente;condicao_metereologica=Chuva;tipo_pista=Simples;tracado_via=Não Informado;uso_solo=Sim;pessoas=1;mortos=0;feridos_leves=1;feridos_graves=0;ilesos=0;ignorados=0;feridos=1;veiculos=1
dia_semana=sábado;br=262.0;km=94.0;municipio=DOMINGOS MARTINS;causa_acidente=Desobediência às normas de trânsito pelo condutor;tipo_acidente=Colisão transversal;classificacao_acidente=Com Vítimas Feridas;fase_dia=Pleno dia;sentido_via=Decrescente;condicao_metereologica=Chuva;tipo_pista=Simples;tracado_via=Interseção de vias;uso_solo=Não;pessoas=2;mortos=0;feridos_leves=1;feridos_graves=0;ilesos=1;ignorados=0;feridos=1;veiculos=2
dia_semana=sábado;br=101.0;km=391.0;municipio=RIO NOVO DO SUL;causa_acidente=Pista Escorregadia;tipo_acidente=Tombamento;classificacao_acidente=Com Vítimas Feridas;fase_dia=Pleno dia;sentido_via=Crescente;condicao_metereologica=Chuva;tipo_pista=Simples;tracado_via=Curva;uso_solo=Não;pessoas=1;mortos=0;feridos_leves=0;feridos_graves=1;ilesos=0;ignorados=0;feridos=1;veiculos=1
dia_semana=sábado;br=482.0;km=18.0;municipio=CACHOEIRO DE ITAPEMIRIM;causa_acidente=Pista Escorregadia;tipo_acidente=Tombamento;classificacao_acidente=Com Vítimas Feridas;fase_dia=Amanhecer;sentido_via=Crescente;condicao_metereologica=Chuva;tipo_pista=Simples;tracado_via=Curva;uso_solo=Não;pessoas=1;mortos=0;feridos_leves=1;feridos_graves=0;ilesos=0;ignorados=0;feridos=1;veiculos=1
dia_semana=sábado;br=101.0;km=141.8;municipio=LINHARES;causa_acidente=Não guardar distância de segurança;tipo_acidente=Colisão traseira;classificacao_acidente=Com Vítimas Feridas;fase_dia=Plena Noite;sentido_via=Crescente;condicao_metereologica=Chuva;tipo_pista=Simples;tracado_via=Reta;uso_solo=Sim;pessoas=3;mortos=0;feridos_leves=0;feridos_graves=1;ilesos=2;ignorados=0;feridos=1;veiculos=3
dia_semana=sábado;br=101.0;km=287.0;municipio=CARIACICA;causa_acidente=Ingestão de Álcool;tipo_acidente=Tombamento;classificacao_acidente=Com Vítimas Feridas;fase_dia=Plena Noite;sentido_via=Crescente;condicao_metereologica=Chuva;tipo_pista=Dupla;tracado_via=Reta;uso_solo=Não;pessoas=2;mortos=0;feridos_leves=2;feridos_graves=0;ilesos=0;ignorados=0;feridos=2;veiculos=1
dia_semana=sábado;br=101.0;km=270.0;municipio=SERRA;causa_acidente=Pista Escorregadia;tipo_acidente=Colisão com objeto estático;classificacao_acidente=Com Vítimas Feridas;fase_dia=Plena Noite;sentido_via=Crescente;condicao_metereologica=Chuva;tipo_pista=Múltipla;tracado_via=Curva;uso_solo=Sim;pessoas=1;mortos=0;feridos_leves=1;feridos_graves=0;ilesos=0;ignorados=0;feridos=1;veiculos=1
dia_semana=sábado;br=101.0;km=289.0;municipio=CARIACICA;causa_acidente=Falta de Atenção à Condução;tipo_acidente=Queda de ocupante de veículo;classificacao_acidente=Com Vítimas Feridas;fase_dia=Plena Noite;sentido_via=Crescente;condicao_metereologica=Garoa/Chuvisco;tipo_pista=Dupla;tracado_via=Retorno Regulamentado;uso_solo=Sim;pessoas=2;mortos=0;feridos_leves=2;feridos_graves=0;ilesos=0;ignorados=0;feridos=2;veiculos=1